1.2,,,,,,,,,,,,,,,,,,,,,,,,,,,,,,,,,,,,,,,,,,,,,,,,,,,
私 人 住 宅  ─  各 類 單 位 平 均 售 價 ,,,,,,,,,,,,,,,,,,,,,,,,,,,,,,,,,,,,,,,,,,,,,,,,,,,
PRIVATE  DOMESTIC  -  AVERAGE  PRICES  BY  CLASS ,,,,,,,,,,,,,,,,,,,,,,,,,,,,,,,,,,,,,,,,,,,,,,,,,,,
,,,,,,,,,,,,,,,,,,,,,,,,,,,,,,,,,,,,,,,,,,,,,,,,,,,( 每平方米售價  $ / m2 )
,,,,,,,A,,,,,,,,,B,,,,,,,,,C,,,,,,,,,D,,,,,,,,,E,,,,,,,,
類 別  Class,,,,,,,40 平方米以下,,,,,,,,,40 至 69.9 平方米,,,,,,,,,70 至 99.9 平方米,,,,,,,,,100 至 159.9 平方米,,,,,,,,,160 平方米或以上,,,,,,,,
,,,,,,,Less than 40 m2,,,,,,,,,40 m2 to 69.9 m2,,,,,,,,,70 m2 to 99.9 m2,,,,,,,,,100 m2 to 159.9 m2,,,,,,,,,160 m2 or above,,,,,,,,
,,,,,,,港島,,,九龍,,,新界,,,港島,,,九龍,,,新界,,,港島,,,九龍,,,新界,,,港島,,,九龍,,,新界,,,港島,,,九龍,,,新界,,
,年,/,月,,,,Hong,,,,,,New,,,Hong,,,,,,New,,,Hong,,,,,,New,,,Hong,,,,,,New,,,Hong,,,,,,New,,
,Year,/,Month,,,,Kong,,,Kowloon,,,Territories,,,Kong,,,Kowloon,,,Territories,,,Kong,,,Kowloon,,,Territories,,,Kong,,,Kowloon,,,Territories,,,Kong,,,Kowloon,,,Territories,,
,1999,,,,1,,,42 663, , ,36 842, , ,36 679, , ,50 141, , ,37 945, , ,35 797, , ,60 466, , ,45 796, , ,43 298, , ,61 445, , ,56 292, , ,50 457, , ,72 978, ,(,62 551,), ,50 968, 
,,,,,2,,,43 068, , ,35 834, , ,36 802, , ,47 950, , ,38 428, , ,35 117, , ,60 486, , ,47 357, , ,41 314, , ,63 976, , ,54 817, , ,46 759, , ,66 326, ,(,59 774,), ,45 945, 
,,,,,3,,,42 683, , ,36 731, , ,36 992, , ,51 060, , ,38 254, , ,35 948, , ,62 962, , ,45 549, , ,41 377, , ,63 983, , ,51 646, , ,50 737, , ,74 608, ,(,61 790,), ,46 120, 
,,,,,4,,,43 223, , ,36 543, , ,36 485, , ,50 189, , ,39 445, , ,36 068, , ,61 196, , ,45 198, , ,40 029, , ,67 599, , ,48 628, , ,43 915, , ,73 489, ,(,75 745,),(,46 953,)
,,,,,5,,,43 316, , ,36 449, , ,38 035, , ,50 650, , ,37 945, , ,36 757, , ,65 221, , ,45 858, , ,42 599, , ,68 728, , ,50 312, , ,48 495, , ,78 077, ,(,86 018,), ,50 454, 
,,,,,6,,,43 288, , ,36 250, , ,36 719, , ,49 864, , ,37 743, , ,36 384, , ,62 609, , ,44 597, , ,42 890, , ,64 715, , ,52 227, , ,46 993, , ,84 812, ,(,77 935,), ,45 665, 
,,,,,7,,,42 139, , ,35 394, , ,36 064, , ,50 941, , ,37 189, , ,35 798, , ,61 009, , ,44 754, , ,39 707, , ,71 697, , ,54 215, , ,48 568, , ,79 126, ,(,66 958,),(,48 253,)
,,,,,8,,,41 998, , ,34 548, , ,34 919, , ,50 332, , ,36 339, , ,35 035, , ,58 748, , ,40 275, , ,41 525, , ,65 013, , ,46 020, , ,48 060, , ,80 514, ,(,76 367,),(,44 656,)
,,,,,9,,,40 428, , ,32 982, , ,33 985, , ,47 243, , ,34 233, , ,33 732, , ,58 385, , ,39 502, , ,38 729, , ,66 689, , ,48 738, , ,45 025, , ,77 586, ,(,64 729,),(,46 018,)
,,,,,10,,,39 151, , ,34 207, , ,34 079, , ,47 020, , ,34 568, , ,33 359, , ,57 482, , ,42 809, , ,42 504, , ,64 406, , ,49 622, , ,47 862, , ,81 675, ,(,58 853,), ,44 525, 
,,,,,11,,,38 034, , ,33 152, , ,32 165, , ,44 567, , ,34 859, , ,32 581, , ,57 161, , ,41 374, , ,39 227, , ,63 750, , ,46 111, , ,45 452, , ,80 433, ,(,106 211,),(,52 201,)
,,,,,12,,,39 408, , ,34 339, , ,33 419, , ,48 034, , ,36 934, , ,32 523, , ,58 886, , ,42 386, , ,40 687, , ,65 295, , ,47 200, , ,44 315, , ,81 539, ,(,87 765,), ,47 884, 
,2000,,,,1,,,39 443,,,33 390,,,34 199,,,48 927,,,35 433,,,34 248,,,59 387,,,43 041,,,39 812,,,68 049,,,47 369,,,46 486,,,82 998,,(,83 864,),,55 588,
,,,,,2,,,40 426, , ,34 402, , ,33 652, , ,47 088, , ,34 902, , ,34 038, , ,61 421, , ,40 086, , ,38 039, , ,66 025, , ,49 315, , ,46 877, ,(,76 964,),(,72 174,),(,32 794,)
,,,,,3,,,37 748, , ,32 558, , ,33 314, , ,45 595, , ,31 843, , ,32 806, , ,57 034, , ,41 580, , ,38 792, , ,64 493, , ,51 031, , ,44 971, , ,79 652, ,(,57 860,), ,47 701, 
,,,,,4,,,39 272, , ,32 064, , ,33 295, , ,45 075, , ,33 574, , ,32 275, , ,57 195, , ,41 421, , ,42 444, , ,65 343, , ,50 063, , ,40 951, , ,77 790, ,(,57 519,),(,49 587,)
,,,,,5,,,37 366, , ,31 191, , ,31 671, , ,43 936, , ,32 345, , ,31 922, , ,51 767, , ,36 972, , ,39 316, , ,63 967, , ,49 664, , ,40 027, , ,75 176, ,(,70 041,),(,45 272,)
,,,,,6,,,33 972, , ,29 843, , ,29 840, , ,41 116, , ,29 948, , ,30 361, , ,51 542, , ,36 325, , ,38 080, , ,57 763, , ,43 103, , ,42 034, , ,88 226, ,(,63 397,),(,45 691,)
,,,,,7,,,34 988, , ,30 525, , ,31 009, , ,41 722, , ,31 043, , ,30 558, , ,49 087, , ,34 957, , ,36 119, , ,59 798, , ,41 730, , ,42 021, , ,69 709, , ,-, ,(,42 440,)
,,,,,8,,,33 832, , ,31 034, , ,30 884, , ,42 141, , ,31 766, , ,30 578, , ,53 516, , ,39 383, , ,34 710, , ,64 332, , ,44 050, , ,38 520, , ,74 217, ,(,72 255,), ,41 660, 
,,,,,9,,,33 816, , ,30 230, , ,31 267, , ,43 321, , ,32 441, , ,30 690, , ,59 390, , ,36 607, , ,35 313, , ,62 051, , ,43 353, , ,38 729, , ,80 915, ,(,76 907,), ,45 768, 
,,,,,10,,,34 698, , ,30 538, , ,30 572, , ,43 271, , ,30 471, , ,30 003, , ,54 598, , ,37 717, , ,35 474, , ,63 146, , ,43 958, , ,39 393, , ,89 606, ,(,82 317,), ,38 395, 
,,,,,11,,,33 406, , ,28 172, , ,28 440, , ,41 622, , ,28 237, , ,29 429, , ,50 733, , ,38 391, , ,35 867, , ,58 857, , ,48 043, , ,39 166, , ,86 264, ,(,69 554,),(,41 118,)
,,,,,12,,,33 203, , ,28 094, , ,28 773, , ,39 093, , ,28 123, , ,28 979, , ,50 030, , ,34 873, , ,33 290, , ,56 291, , ,44 212, , ,36 949, ,(,84 189,),(,51 867,), ,41 001, 
,2001,,,,1,,,31 920, , ,28 115, , ,27 699, , ,40 075, , ,28 792, , ,28 758, , ,51 283, , ,33 593, , ,35 327, , ,59 323, , ,43 509, , ,38 053, , ,71 743, ,(,71 798,),(,30 807,)
,,,,,2,,,33 026, , ,27 372, , ,28 021, , ,39 455, , ,29 117, , ,28 388, , ,49 963, , ,35 052, , ,33 855, , ,55 810, ,(,46 579,), ,33 478, , ,70 098, ,(,41 096,),(,32 820,)
,,,,,3,,,33 460, , ,28 065, , ,28 832, , ,41 489, , ,29 118, , ,29 080, , ,50 282, , ,33 665, , ,34 353, , ,58 803, , ,45 809, , ,35 123, , ,69 598, ,(,53 520,), ,37 543, 
,,,,,4,,,32 332, , ,27 921, , ,28 706, , ,39 141, , ,27 647, , ,28 010, , ,54 391, , ,34 132, , ,33 407, , ,62 783, , ,46 234, , ,37 850, , ,69 443, ,(,57 825,),(,36 738,)
,,,,,5,,,32 679, , ,27 423, , ,28 755, , ,38 975, , ,28 480, , ,27 997, , ,54 581, , ,34 894, , ,34 880, , ,61 673, , ,32 610, , ,38 105, , ,67 545, ,(,88 662,),(,34 375,)
,,,,,6,,,33 050, , ,27 277, , ,28 343, , ,41 718, , ,32 114, , ,28 736, , ,51 818, , ,38 272, , ,33 944, , ,54 828, , ,38 301, , ,34 820, , ,79 298, ,(,58 496,),(,36 180,)
,,,,,7,,,32 495, , ,26 356, , ,28 684, , ,40 148, , ,28 834, , ,28 999, , ,48 544, , ,32 089, , ,32 993, , ,59 368, , ,38 717, , ,31 488, , ,75 987, ,(,62 152,),(,32 777,)
,,,,,8,,,32 722, , ,26 375, , ,28 091, , ,38 168, , ,28 334, , ,28 412, , ,46 882, , ,34 087, , ,31 049, , ,52 164, , ,46 006, , ,33 557, , ,65 254, ,(,59 591,),(,35 349,)
,,,,,9,,,30 410, , ,25 464, , ,27 632, , ,39 760, , ,27 496, , ,27 650, , ,44 469, , ,31 979, , ,31 601, , ,57 466, , ,41 290, , ,34 693, ,(,77 209,),(,60 418,),(,27 566,)
,,,,,10,,,29 752, , ,24 896, , ,26 294, , ,35 257, , ,26 543, , ,26 647, , ,44 183, , ,33 462, , ,29 803, , ,50 240, , ,40 553, , ,31 518, ,(,62 255,),(,56 864,), ,35 101, 
,,,,,11,,,30 671, , ,24 650, , ,26 685, , ,35 706, , ,26 168, , ,25 715, , ,46 276, , ,32 168, , ,29 501, , ,53 071, , ,36 541, , ,33 570, , ,67 286, ,(,51 206,),(,43 616,)
,,,,,12,,,30 071, , ,25 240, , ,26 157, , ,35 960, , ,26 638, , ,25 844, , ,44 732, , ,31 196, , ,30 965, , ,54 884, , ,42 157, , ,33 101, , ,67 324, ,(,63 457,),(,38 882,)
,2002,,,,1,,,31 248, , ,25 122, , ,25 881, , ,36 588, , ,26 590, , ,25 167, , ,41 930, , ,31 094, , ,30 097, , ,47 563, , ,42 541, , ,33 225, , ,68 014, ,(,48 743,),(,38 444,)
,,,,,2,,,31 350, , ,25 496, , ,26 055, , ,34 514, , ,26 555, , ,25 704, , ,45 290, , ,33 524, , ,30 889, , ,50 845, , ,39 722, , ,35 079, , ,71 540, ,(,38 674,),(,34 801,)
,,,,,3,,,30 280, , ,24 173, , ,25 502, , ,35 859, , ,25 852, , ,24 835, , ,41 590, , ,31 090, , ,28 614, , ,49 398, , ,37 940, , ,30 409, , ,71 745, ,(,53 416,),(,32 982,)
,,,,,4,,,30 433, , ,24 138, , ,24 984, , ,35 584, , ,26 254, , ,24 962, , ,44 198, , ,29 650, , ,29 022, , ,54 226, , ,35 547, , ,34 546, , ,63 272, ,(,45 062,), ,35 427, 
,,,,,5,,,30 071, , ,23 886, , ,25 047, , ,34 911, , ,25 792, , ,26 347, , ,44 152, , ,32 565, , ,30 964, , ,54 564, , ,38 830, , ,35 779, , ,70 221, ,(,46 094,), ,41 927, 
,,,,,6,,,30 196, , ,23 173, , ,25 570, , ,34 531, , ,25 287, , ,25 511, , ,45 505, , ,32 402, , ,31 648, , ,52 225, , ,36 463, , ,31 484, , ,69 572, ,(,54 835,),(,35 891,)
,,,,,7,,,29 128, , ,23 111, , ,24 728, , ,33 724, , ,24 990, , ,25 099, , ,41 528, , ,32 072, , ,29 105, , ,51 299, , ,41 824, , ,32 086, , ,67 674, ,(,50 385,),(,32 363,)
,,,,,8,,,27 738, , ,23 070, , ,23 964, , ,33 470, , ,24 370, , ,23 731, , ,40 592, , ,29 072, , ,27 211, , ,49 339, ,(,35 098,), ,28 674, , ,61 565, ,(,38 841,),(,33 759,)
,,,,,9,,,26 773, , ,22 266, , ,23 275, , ,33 324, , ,22 697, , ,24 223, , ,38 916, , ,30 375, , ,28 789, , ,48 872, ,(,34 566,), ,31 595, , ,59 100, ,(,46 571,),(,34 596,)
,,,,,10,,,26 037, , ,21 713, , ,22 789, , ,32 038, , ,22 426, , ,23 118, , ,41 412, , ,28 999, , ,29 550, , ,56 052, ,(,33 897,), ,29 560, , ,63 298, ,(,47 268,), ,27 461, 
,,,,,11,,,26 191, , ,21 703, , ,21 976, , ,31 291, , ,21 986, , ,22 770, , ,38 403, , ,30 104, , ,28 742, , ,52 033, , ,35 901, , ,29 533, , ,61 951, ,(,98 749,),(,34 433,)
,,,,,12,,,25 918, , ,21 363, , ,22 163, , ,31 542, , ,22 520, , ,22 672, , ,40 112, , ,26 914, , ,28 914, , ,52 956, , ,32 476, , ,29 165, , ,61 191, ,(,48 057,), ,37 626, 
,2003,,,,1,,,26 289, , ,21 307, , ,21 542, , ,31 710, , ,22 346, , ,21 872, , ,41 088, , ,28 985, , ,27 808, , ,48 093, , ,34 694, , ,31 664, , ,65 710, ,(,56 170,), ,36 422, 
,,,,,2,,,24 598, , ,20 955, , ,21 093, , ,30 682, , ,22 719, , ,21 282, , ,39 575, , ,27 556, , ,24 894, , ,52 901, ,(,37 744,), ,27 896, , ,62 588, , ,-, ,(,40 133,)
,,,,,3,,,24 991, , ,20 754, , ,21 161, , ,27 756, , ,20 056, , ,21 136, , ,38 949, , ,25 752, , ,25 562, , ,42 497, ,(,32 470,), ,30 805, , ,65 928, ,(,46 428,), ,30 910, 
,,,,,4,,,25 456, , ,20 142, , ,20 539, , ,27 808, , ,19 834, , ,20 193, , ,36 005, , ,27 300, , ,26 024, , ,40 724, , ,32 503, , ,29 594, , ,63 784, ,(,37 160,),(,31 449,)
,,,,,5,,,24 497, , ,20 374, , ,19 992, , ,28 054, , ,20 503, , ,20 407, , ,36 030, , ,25 868, , ,24 619, , ,47 856, ,(,33 665,), ,26 639, , ,66 009, ,(,20 447,),(,30 129,)
,,,,,6,,,23 904, , ,20 061, , ,19 840, , ,27 661, , ,21 047, , ,20 197, , ,38 444, , ,23 706, , ,24 439, , ,45 624, ,(,35 854,), ,29 310, , ,54 339, ,(,48 525,),(,27 720,)
,,,,,7,,,23 363, , ,19 768, , ,20 048, , ,28 857, , ,20 864, , ,20 543, , ,36 796, , ,25 737, , ,26 681, , ,50 463, , ,33 135, , ,25 747, , ,67 939, ,(,45 543,), ,33 936, 
,,,,,8,,,23 875, , ,20 232, , ,19 724, , ,28 883, , ,21 027, , ,20 301, , ,38 646, , ,25 659, , ,24 445, , ,43 275, , ,34 927, , ,28 725, , ,65 633, ,(,42 899,),(,31 943,)
,,,,,9,,,27 009, , ,20 772, , ,20 413, , ,31 721, , ,21 930, , ,21 394, , ,39 358, , ,29 663, , ,26 817, , ,52 827, , ,32 407, , ,29 026, , ,64 012, ,(,46 845,), ,32 477, 
,,,,,10,,,27 276, , ,20 858, , ,21 330, , ,32 310, , ,23 598, , ,21 886, , ,42 453, , ,29 882, , ,27 775, , ,51 320, , ,33 720, , ,31 375, , ,67 625, ,(,63 244,), ,37 834, 
,,,,,11,,,27 280, , ,21 706, , ,21 592, , ,33 511, , ,23 711, , ,22 272, , ,43 756, , ,30 277, , ,30 250, , ,48 844, , ,37 829, , ,34 767, , ,67 722, ,(,67 799,), ,37 238, 
,,,,,12,,,27 698, , ,22 408, , ,22 428, , ,32 995, , ,23 844, , ,23 006, , ,45 749, , ,31 338, , ,28 593, , ,49 704, , ,33 060, , ,35 585, , ,76 151, ,(,71 822,), ,36 417, 
,2004,,,,1,,,30 004, , ,22 261, , ,23 848, , ,36 364, , ,29 286, , ,24 360, , ,51 315, , ,37 373, , ,30 813, , ,56 141, , ,40 227, , ,36 894, , ,81 387, ,(,35 310,), ,42 115, 
,,,,,2,,,31 530, , ,24 064, , ,24 506, , ,39 833, , ,30 241, , ,25 637, , ,53 243, , ,41 640, , ,32 986, , ,60 261, , ,49 792, , ,38 271, , ,83 250, ,(,85 361,), ,40 133, 
,,,,,3,, ,32 431, , ,24 703, , ,26 459, , ,42 355, , ,33 006, , ,27 091, , ,56 746, , ,49 703, , ,35 492, , ,69 537, , ,50 727, , ,40 788, , ,97 765, ,(,67 382,), ,44 498, 
,,,,,4,, ,31 875, , ,25 699, , ,26 484, , ,41 253, , ,33 599, , ,28 509, , ,54 394, , ,46 031, , ,35 027, , ,63 681, , ,53 913, , ,42 067, , ,84 343, ,(,85 668,), ,35 825, 
,,,,,5,, ,30 567, , ,25 224, , ,26 792, , ,39 250, , ,30 497, , ,27 316, , ,53 082, , ,42 681, , ,35 255, , ,64 962, , ,48 208, , ,39 843, , ,87 045, ,(,63 945,), ,37 353, 
,,,,,6,, ,29 761, , ,23 879, , ,25 570, , ,36 916, , ,28 114, , ,26 588, , ,51 537, , ,42 520, , ,33 190, , ,59 622, , ,49 110, , ,38 628, , ,100 231, ,(,109 496,),(,39 263,)
,,,,,7,, ,30 974, , ,23 985, , ,25 222, , ,38 168, , ,28 046, , ,26 806, , ,52 385, , ,40 974, , ,33 083, , ,61 365, , ,69 039, , ,40 385, , ,89 732, ,(,54 205,),(,30 742,)
,,,,,8,, ,31 658, , ,24 898, , ,26 703, , ,40 681, , ,29 849, , ,28 241, , ,55 824, , ,46 790, , ,35 094, , ,62 324, , ,61 484, , ,37 427, , ,93 012, ,(,72 419,), ,47 197, 
,,,,,9,, ,33 581, , ,25 840, , ,27 505, , ,43 786, , ,35 468, , ,29 326, , ,60 879, , ,48 437, , ,37 652, , ,63 887, , ,70 356, , ,44 489, , ,101 521, ,(,62 610,), ,52 821, 
,,,,,10,, ,35 114, , ,27 245, , ,28 620, , ,46 766, , ,37 975, , ,30 489, , ,61 993, , ,55 707, , ,39 228, , ,77 171, , ,76 898, , ,48 155, , ,104 086, ,(,98 480,), ,47 595, 
,,,,,11,, ,34 647, , ,26 416, , ,27 927, , ,43 931, , ,35 519, , ,29 472, , ,63 185, , ,50 437, , ,37 540, , ,74 848, , ,68 828, , ,45 358, , ,118 877, ,(,78 269,), ,43 145, 
,,,,,12,, ,35 652, , ,26 485, , ,27 560, , ,45 415, , ,35 715, , ,29 372, , ,61 242, , ,48 400, , ,38 754, , ,73 354, , ,76 020, , ,42 863, , ,100 033, ,(,94 371,), ,54 250, 
,2005,,,,1,,,37 045, , ,27 202, , ,28 514, , ,47 389, , ,36 457, , ,30 268, , ,64 117, , ,52 845, , ,38 433, , ,77 357, , ,67 460, , ,47 114, , ,101 467, ,(,82 354,), ,51 752,
,,,,,2,,,38 486, , ,29 024, , ,29 461, , ,48 276, , ,40 266, , ,32 406, , ,62 202, , ,55 889, , ,39 691, , ,78 003, , ,69 440, , ,46 902, , ,117 761, ,(,83 341,), ,52 005,
,,,,,3,,,38 900, , ,30 511, , ,31 980, , ,51 771, , ,43 329, , ,32 891, , ,67 734, , ,65 045, , ,41 446, , ,83 831, , ,76 113, , ,49 730, , ,103 097, ,(,76 960,), ,49 826,
,,,,,4,,,39 826, , ,31 053, , ,31 364, , ,50 275, , ,41 465, , ,33 155, , ,68 398, , ,60 970, , ,42 155, , ,85 374, , ,74 682, , ,52 999, , ,129 535, ,(,94 248,), ,61 180,
,,,,,5,,,39 622, , ,31 073, , ,31 014, , ,50 974, , ,39 543, , ,34 220, , ,68 972, , ,55 030, , ,43 575, , ,85 991, , ,70 047, , ,49 389, , ,130 692, ,(,79 637,), ,67 780,
,,,,,6,,,38 906, , ,29 418, , ,30 559, , ,48 338, , ,36 050, , ,32 303, , ,66 566, , ,53 217, , ,41 745, , ,85 537, , ,69 603, , ,46 907, , ,114 575, ,(,120 309,), ,58 914,
,,,,,7,,,39 331, , ,29 349, , ,29 680, , ,47 693, , ,38 280, , ,33 040, , ,67 953, , ,56 884, , ,42 199, , ,81 371, , ,71 404, , ,53 689, , ,120 889, ,(,69 132,), ,55 611, 
,,,,,8,,,39 992, , ,30 365, , ,31 054, , ,49 893, , ,39 116, , ,34 348, , ,66 456, , ,52 959, , ,43 031, , ,80 122, , ,83 979, , ,51 960, , ,108 273, ,(,153 266,), ,55 938, 
,,,,,9,,,39 830, , ,31 036, , ,30 733, , ,48 925, , ,39 433, , ,32 889, , ,69 136, , ,56 430, , ,43 391, , ,85 150, , ,73 919, , ,51 888, , ,113 971, ,(,125 830,), ,64 606, 
,,,,,10,,,40 632, , ,30 661, , ,29 452, , ,49 372, , ,34 611, , ,31 580, , ,68 951, , ,53 211, , ,41 841, , ,77 582, , ,72 013, , ,49 110, , ,134 657, ,(,115 723,),(,76 565,)
,,,,,11,,,37 186, , ,28 705, , ,27 829, , ,45 021, , ,31 104, , ,30 640, , ,61 691, , ,46 952, , ,40 122, , ,83 484, , ,69 108, , ,49 075, , ,99 380, ,(,92 995,), ,48 005, 
,,,,,12,,,39 303, , ,28 081, , ,30 025, , ,47 630, , ,36 270, , ,32 098, , ,65 761, , ,55 737, , ,40 083, , ,82 771, , ,69 862, , ,50 931, , ,112 012, ,(,107 191,),(,49 348,)
,2006,,,,1,,,40 024, , ,28 943, , ,29 874, , ,49 657, , ,38 392, , ,32 532, , ,65 560, , ,54 375, , ,41 256, , ,84 337, , ,72 873, , ,45 247, , ,138 664, ,(,86 517,),(,52 660,)
,,,,,2,,,41 882, , ,28 326, , ,29 682, , ,49 519, , ,39 483, , ,31 730, , ,66 543, , ,56 540, , ,40 083, , ,76 207, , ,69 884, , ,51 243, , ,114 667, ,(,104 601,),(,65 209,)
,,,,,3,,,41 219, , ,30 214, , ,29 896, , ,52 860, , ,37 687, , ,31 857, , ,69 824, , ,58 194, , ,41 975, , ,86 836, , ,76 766, , ,45 590, , ,118 955, ,(,109 771,), ,48 578, 
,,,,,4,,,43 048, , ,29 174, , ,29 925, , ,52 764, , ,39 302, , ,32 630, , ,69 582, , ,59 558, , ,42 651, , ,86 946, , ,85 353, , ,43 839, , ,108 680, ,(,108 732,), ,60 194, 
,,,,,5,,,43 767, , ,30 639, , ,29 284, , ,52 955, , ,38 482, , ,31 885, , ,71 037, , ,59 756, , ,41 799, , ,86 833, , ,76 919, , ,50 371, , ,124 265, ,(,101 315,), ,54 390, 
,,,,,6,,,42 897, , ,30 574, , ,28 325, , ,50 377, , ,38 910, , ,30 828, , ,73 963, , ,55 686, , ,42 906, , ,86 287, , ,75 724, , ,45 431, , ,118 526, ,(,101 109,),(,55 254,)
,,,,,7,,,40 559, , ,30 001, , ,28 527, , ,51 122, , ,37 865, , ,30 795, , ,66 739, , ,56 835, , ,39 257, , ,84 452, , ,76 292, , ,50 308, , ,145 366, ,(,67 665,), ,54 332,
,,,,,8,,,44 119, , ,30 400, , ,28 703, , ,53 547, , ,37 992, , ,30 556, , ,67 419, , ,60 936, , ,41 871, , ,86 104, , ,79 203, , ,49 444, , ,129 472, ,(,117 118,), ,63 235,
,,,,,9,,,43 659, , ,30 503, , ,28 672, , ,53 387, , ,36 527, , ,30 215, , ,69 813, , ,56 434, , ,41 984, , ,80 288, , ,67 285, , ,51 820, , ,121 137, ,(,99 372,), ,57 344,
,,,,,10,,,43 343, , ,29 977, , ,28 176, , ,52 579, , ,37 623, , ,29 964, , ,70 843, , ,51 539, , ,41 190, , ,92 118, , ,78 217, , ,50 922, , ,117 339, ,(,90 214,), ,58 246,
,,,,,11,,,43 671, , ,30 055, , ,28 150, , ,52 380, , ,37 571, , ,30 651, , ,70 124, , ,55 213, , ,41 860, , ,90 805, , ,74 597, , ,45 869, , ,112 425, ,(,76 397,), ,53 109,
,,,,,12,,,44 724, , ,31 369, , ,27 847, , ,53 369, , ,37 533, , ,30 366, , ,69 144, , ,57 425, , ,40 836, , ,86 343, , ,69 964, , ,54 012, , ,111 958, ,(,104 510,), ,57 550,
,2007,,,,1,,,45 487, , ,31 921, , ,28 675, , ,53 951, , ,39 581, , ,30 963, , ,73 518, , ,61 864, , ,39 076, , ,89 230, , ,81 801, , ,48 728, , ,114 400, ,(,105 955,), ,70 225, 
,,,,,2,,,46 131, , ,32 196, , ,29 940, , ,55 735, , ,43 605, , ,32 042, , ,76 990, , ,64 523, , ,40 631, , ,90 503, , ,78 097, , ,58 112, , ,126 550, ,(,112 314,), ,58 852, 
,,,,,3,,,46 548, , ,33 719, , ,30 960, , ,54 451, , ,41 294, , ,31 687, , ,75 657, , ,58 256, , ,41 912, , ,91 840, , ,79 365, , ,55 463, , ,131 295, ,(,71 164,), ,70 206, 
,,,,,4,,,48 101, , ,33 602, , ,30 971, , ,55 472, , ,41 009, , ,32 166, , ,77 098, , ,60 684, , ,42 808, , ,97 791, , ,81 943, , ,55 043, , ,141 108, ,(,95 015,), ,63 648, 
,,,,,5,,,49 843, , ,34 579, , ,30 891, , ,58 002, , ,42 233, , ,32 418, , ,78 897, , ,62 055, , ,43 594, , ,98 097, , ,76 998, , ,56 925, , ,144 810, ,(,99 535,), ,54 231, 
,,,,,6,,,50 808, , ,35 040, , ,30 805, , ,59 188, , ,43 184, , ,32 304, , ,80 239, , ,67 900, , ,40 683, , ,101 244, , ,89 175, , ,53 919, , ,130 287, ,(,136 530,), ,57 718, 
,,,,,7,,,49 818, , ,35 832, , ,31 695, , ,59 457, , ,46 256, , ,32 487, , ,77 469, , ,65 829, , ,43 130, , ,102 538, , ,78 143, , ,47 355, , ,138 041, ,(,123 192,), ,62 644, 
,,,,,8,,,51 374, , ,36 519, , ,32 026, , ,59 957, , ,46 699, , ,33 326, , ,84 518, , ,73 175, , ,43 919, , ,113 279, , ,90 209, , ,54 822, , ,158 075, ,(,156 012,), ,64 573, 
,,,,,9,,,51 438, , ,37 749, , ,32 273, , ,61 533, , ,46 721, , ,34 198, , ,83 601, , ,73 301, , ,44 401, , ,109 693, , ,82 724, , ,56 898, , ,157 125, ,(,114 845,), ,69 814, 
,,,,,10,,,54 015, , ,39 447, , ,33 540, , ,64 277, , ,51 867, , ,35 858, , ,87 454, , ,86 771, , ,46 252, , ,113 689, , ,110 411, , ,60 176, , ,161 014, ,(,133 925,), ,86 415, 
,,,,,11,,,60 085, , ,41 770, , ,35 375, , ,69 901, , ,55 676, , ,37 441, , ,89 869, , ,93 994, , ,48 866, , ,123 380, , ,117 816, , ,61 584, , ,181 793, ,(,134 358,), ,79 362, 
,,,,,12,,,62 373, , ,43 255, , ,36 333, , ,73 813, , ,57 823, , ,38 050, , ,99 455, , ,95 831, , ,48 677, , ,126 421, , ,108 668, , ,59 938, , ,195 632, ,(,168 199,), ,80 439, 
,2008,,,,1,,,65 273, , ,44 018, , ,38 869, , ,76 881, , ,58 834, , ,39 342, , ,99 481, , ,95 147, , ,50 514, , ,124 966, , ,105 006, , ,57 310, , ,177 232, ,(,104 657,), ,88 253, 
,,,,,2,,,67 910, , ,43 820, , ,38 802, , ,78 022, , ,59 054, , ,38 551, , ,109 533, , ,95 727, , ,47 535, , ,128 075, , ,101 869, , ,67 761, ,(,195 157,),(,137 096,), ,77 841, 
,,,,,3,,,68 226, , ,42 680, , ,38 314, , ,76 791, , ,54 128, , ,37 217, , ,98 445, , ,90 484, , ,48 614, , ,125 055, , ,101 729, , ,64 327, , ,165 690, ,(,160 841,), ,77 025, 
,,,,,4,,,65 776, , ,43 081, , ,37 205, , ,75 849, , ,52 178, , ,37 120, , ,98 552, , ,75 349, , ,47 148, , ,128 765, , ,96 136, , ,59 546, ,(,187 962,),(,140 866,), ,73 982, 
,,,,,5,,,66 992, , ,44 359, , ,38 775, , ,75 716, , ,53 940, , ,39 911, , ,104 296, , ,85 383, , ,50 097, , ,140 673, , ,102 186, , ,63 289, , ,178 007, ,(,157 255,), ,72 070, 
,,,,,6,,,65 976, , ,44 858, , ,38 257, , ,75 729, , ,54 197, , ,39 721, , ,98 765, , ,81 110, , ,49 708, , ,132 030, , ,121 070, , ,61 911, ,(,201 296,),(,122 304,),(,91 795,)
,,,,,7,,,63 839, , ,42 399, , ,37 842, , ,72 186, , ,50 088, , ,38 350, , ,101 133, , ,82 631, , ,49 316, , ,130 700, , ,111 414, , ,56 010, ,(,149 052,),(,164 432,),(,51 503,)
,,,,,8,,,60 337, , ,41 902, , ,38 200, , ,68 647, , ,52 038, , ,38 442, , ,87 902, , ,74 252, , ,49 578, , ,122 590, , ,108 836, , ,55 719, ,(,179 671,),(,157 871,), ,70 409, 
,,,,,9,,,59 021, , ,43 326, , ,37 532, , ,69 990, , ,52 359, , ,38 904, , ,93 276, , ,74 262, , ,49 927, , ,114 995, , ,109 030, , ,47 325, ,(,201 519,),(,164 244,),(,65 029,)
,,,,,10,,,57 648, , ,41 444, , ,35 147, , ,61 541, , ,48 655, , ,37 071, , ,79 791, , ,68 863, , ,45 320, , ,106 310, ,(,91 941,), ,52 323, ,(,165 696,),(,139 277,),(,42 687,)
,,,,,11,,,48 596, , ,37 576, , ,33 873, , ,57 955, , ,46 520, , ,34 240, , ,71 386, , ,73 688, , ,46 956, , ,95 906, , ,85 605, , ,50 340, ,(,138 695,),(,196 860,),(,53 895,)
,,,,,12,,,50 641, , ,38 305, , ,33 582, , ,58 238, , ,47 213, , ,35 192, , ,83 329, , ,68 713, , ,43 907, , ,97 103, , ,87 092, , ,51 036, , ,140 295, ,(,91 905,),(,59 420,)
,2009,,,,1,,,52 222, , ,39 222, , ,34 723, , ,61 526, , ,47 605, , ,36 017, , ,78 132, , ,75 384, , ,44 531, , ,106 691, , ,91 833, , ,48 319, , ,136 752, ,(,120 707,),(,68 498,)
,,,,,2,,,51 852, , ,36 104, , ,35 128, , ,61 220, , ,44 402, , ,36 127, , ,82 107, , ,69 153, , ,45 405, , ,103 114, , ,83 189, , ,52 206, ,(,144 451,),(,120 542,),(,65 226,)
,,,,,3,,,51 690, , ,38 051, , ,35 542, , ,62 341, , ,47 499, , ,36 108, , ,81 119, , ,74 127, , ,44 910, , ,109 172, , ,91 190, , ,49 504, , ,142 134, ,(,137 132,), ,54 295, 
,,,,,4,,,55 885, , ,40 829, , ,37 352, , ,67 255, , ,53 430, , ,38 526, , ,85 829, , ,81 015, , ,46 799, , ,110 045, , ,96 233, , ,53 439, , ,146 239, ,(,108 341,), ,64 949, 
,,,,,5,,,58 307, , ,42 204, , ,37 498, , ,69 097, , ,53 420, , ,38 463, , ,93 817, , ,80 005, , ,48 234, , ,108 973, , ,98 050, , ,59 820, , ,162 999, ,(,154 404,), ,68 205, 
,,,,,6,,,61 973, , ,44 292, , ,38 649, , ,71 654, , ,56 655, , ,39 514, , ,94 654, , ,90 489, , ,49 033, , ,121 738, , ,95 709, , ,61 916, , ,172 630, ,(,147 726,), ,71 178, 
,,,,,7,,,62 942, , ,45 117, , ,39 306, , ,72 654, , ,55 647, , ,39 862, , ,95 671, , ,79 531, , ,48 441, , ,120 894, , ,106 262, , ,61 207, , ,155 916, ,(,128 743,), ,73 623,
,,,,,8,,,65 105, , ,46 619, , ,40 905, , ,74 816, , ,59 194, , ,40 473, , ,102 585, , ,99 006, , ,49 990, , ,130 234, , ,112 385, , ,56 010, , ,171 402, ,(,158 375,), ,65 636,
,,,,,9,,,65 886, , ,47 316, , ,40 719, , ,78 060, , ,59 299, , ,41 019, , ,104 660, , ,90 432, , ,50 152, , ,128 920, , ,114 099, , ,61 099, , ,181 905, ,(,144 074,), ,78 109,
,,,,,10,,,66 375, , ,47 836, , ,40 662, , ,77 133, , ,57 780, , ,40 965, , ,103 617, , ,89 809, , ,52 500, , ,132 266, , ,113 723, , ,58 412, , ,191 615, ,(,158 421,), ,71 421,
,,,,,11,,,67 497, , ,47 260, , ,41 732, , ,76 460, , ,55 968, , ,40 883, , ,105 437, , ,85 511, , ,54 337, , ,132 046, , ,91 283, , ,56 809, ,(,177 491,),(,189 760,), ,55 637,
,,,,,12,,,67 902, , ,50 165, , ,42 951, , ,76 992, , ,63 755, , ,42 098, , ,103 256, , ,99 193, , ,53 097, , ,129 544, , ,108 893, , ,61 169, , ,184 254, ,(,155 074,), ,79 797,
,2010,,,,1,,,69 915, , ,51 567, , ,44 673, , ,80 597, , ,65 239, , ,43 682, , ,105 598, , ,96 843, , ,55 093, , ,144 721, , ,121 546, , ,58 516, , ,198 436, ,(,162 285,), ,79 276, 
,,,,,2,,,71 338, , ,52 695, , ,44 597, , ,83 889, , ,66 508, , ,43 362, , ,109 116, , ,100 676, , ,54 136, , ,131 446, , ,119 289, , ,60 479, ,(,198 954,),(,137 882,), ,76 369, 
,,,,,3,,,73 059, , ,52 851, , ,44 622, , ,82 777, , ,66 420, , ,44 632, , ,118 839, , ,109 062, , ,55 059, , ,152 694, , ,155 441, , ,61 397, , ,195 281, ,(,163 589,), ,79 752, 
,,,,,4,,,73 358, , ,53 473, , ,45 827, , ,83 377, , ,66 333, , ,44 859, , ,111 255, , ,102 549, , ,56 409, , ,134 693, , ,134 748, , ,59 717, , ,208 230, ,(,149 217,), ,67 390, 
,,,,,5,,,71 391, , ,52 676, , ,45 639, , ,82 166, , ,65 119, , ,44 410, , ,106 500, , ,98 291, , ,55 957, , ,141 382, , ,117 777, , ,66 258, , ,210 813, ,(,122 352,), ,59 079, 
,,,,,6,,,73 768, , ,54 030, , ,48 242, , ,84 890, , ,67 813, , ,47 301, , ,112 683, , ,95 477, , ,58 694, , ,150 137, , ,128 007, , ,70 289, , ,182 260, ,(,166 754,), ,74 769, 
,,,,,7,,,75 519, , ,57 136, , ,49 510, , ,86 947, , ,72 096, , ,49 260, , ,111 011, , ,104 119, , ,61 634, , ,143 810, , ,134 116, , ,67 644, , ,209 790, ,(,118 835,), ,94 336, 
,,,,,8,,,77 872, , ,57 291, , ,49 225, , ,86 904, , ,71 032, , ,48 277, , ,115 850, , ,105 614, , ,61 666, , ,146 137, , ,143 963, , ,69 996, , ,237 013, ,(,225 751,), ,60 567, 
,,,,,9,,,78 139, , ,56 085, , ,48 389, , ,89 152, , ,73 491, , ,47 282, , ,112 005, , ,116 809, , ,61 495, , ,153 345, , ,138 200, , ,69 174, , ,236 488, ,(,179 192,), ,72 536, 
,,,,,10,,,81 186, , ,59 197, , ,51 192, , ,92 810, , ,72 045, , ,49 677, , ,112 177, , ,121 130, , ,63 056, , ,157 443, , ,146 782, , ,71 161, , ,207 071, ,(,188 902,), ,73 163, 
,,,,,11,,,82 571, , ,60 529, , ,52 445, , ,94 796, , ,75 429, , ,50 752, , ,121 249, , ,125 738, , ,63 230, , ,163 083, , ,133 154, , ,72 200, , ,204 376, ,(,191 906,), ,90 315, 
,,,,,12,,,83 589, , ,60 213, , ,53 545, , ,91 947, , ,76 007, , ,51 522, , ,121 481, , ,131 466, , ,62 586, , ,174 483, , ,132 642, , ,68 146, , ,191 134, ,(,113 496,),(,65 137,)
,2011,,,,1,,,88 425, , ,64 593, , ,55 872, , ,96 477, , ,82 704, , ,55 145, , ,130 410, , ,118 561, , ,65 839, , ,158 303, , ,146 748, , ,66 428, , ,237 098, ,(,190 591,), ,74 493, 
,,,,,2,,,93 341, , ,67 086, , ,56 885, , ,99 258, , ,84 776, , ,55 747, , ,133 380, , ,131 526, , ,65 710, , ,152 864, , ,159 514, , ,73 155, ,(,210 663,),(,202 466,),(,85 232,)
,,,,,3,,,92 831, , ,66 806, , ,56 940, , ,101 002, , ,81 550, , ,55 104, , ,137 085, , ,124 898, , ,65 728, , ,167 920, , ,158 064, , ,70 720, , ,182 967, ,(,216 708,), ,85 517, 
,,,,,4,,,95 691, , ,67 904, , ,58 902, , ,102 970, , ,82 955, , ,55 733, , ,139 142, , ,112 319, , ,67 110, , ,170 336, , ,153 754, , ,82 121, , ,258 736, ,(,235 508,), ,88 344, 
,,,,,5,,,94 814, , ,68 927, , ,60 012, , ,107 177, , ,82 780, , ,58 009, , ,144 823, , ,134 173, , ,70 613, , ,176 320, , ,151 740, , ,77 717, ,(,231 142,),(,245 456,), ,95 354, 
,,,,,6,,,95 488, , ,70 519, , ,59 881, , ,107 161, , ,83 304, , ,57 990, , ,145 168, , ,133 438, , ,71 792, , ,174 304, , ,146 017, , ,73 256, , ,268 083, ,(,177 168,), ,96 144, 
,,,,,7,,,92 824, , ,66 975, , ,58 981, , ,102 284, , ,79 168, , ,55 907, , ,134 378, , ,128 527, , ,68 837, , ,183 469, ,(,174 554,), ,66 047, ,(,193 049,),(,342 055,),(,84 732,)
,,,,,8,,,93 635, , ,68 806, , ,60 696, , ,104 662, , ,79 253, , ,58 198, , ,136 641, , ,109 140, , ,69 884, , ,176 233, , ,195 190, , ,77 204, ,(,205 358,), ,-, ,(,67 890,)
,,,,,9,,,95 689, , ,69 855, , ,60 330, , ,105 277, , ,84 100, , ,59 065, , ,132 001, , ,118 561, , ,73 209, , ,163 531, , ,158 867, , ,66 970, ,(,190 163,),(,235 128,), ,72 685, 
,,,,,10,,,92 908, , ,67 061, , ,57 048, , ,98 360, , ,78 920, , ,56 175, , ,130 082, , ,126 239, , ,69 378, , ,163 511, ,(,142 576,), ,74 351, ,(,313 450,),(,173 473,), ,63 328, 
,,,,,11,,,96 360, , ,67 230, , ,55 957, , ,102 518, , ,79 009, , ,54 988, , ,124 811, , ,125 456, , ,66 533, ,(,181 435,), ,144 605, , ,77 990, ,(,247 469,),(,91 343,), ,61 234, 
,,,,,12,,,93 517, , ,66 898, , ,56 499, , ,100 361, , ,77 573, , ,53 632, , ,125 885, , ,108 406, , ,65 970, , ,169 277, , ,136 307, , ,67 306, ,(,285 817,),(,210 174,),(,50 456,)
,2012,,,,1,,,92 928, , ,65 076, , ,57 524, , ,95 206, , ,75 947, , ,55 231, , ,128 038, , ,127 677, , ,67 404, , ,158 283, ,(,145 338,), ,74 922, ,(,292 150,),(,153 410,),(,49 725,)
,,,,,2,,,95 270, , ,71 628, , ,61 181, , ,102 189, , ,84 485, , ,58 477, , ,133 179, , ,117 862, , ,69 854, , ,177 238, , ,132 584, , ,73 322, ,(,230 705,),(,150 361,),(,91 779,)
,,,,,3,,,102 550, , ,75 411, , ,63 080, , ,105 256, , ,89 631, , ,61 635, , ,138 376, , ,117 611, , ,70 739, , ,166 452, , ,149 921, , ,76 562, , ,250 319, ,(,164 195,), ,88 760, 
,,,,,4,,,104 518, , ,77 571, , ,64 259, , ,108 551, , ,88 755, , ,63 293, , ,135 609, , ,130 967, , ,69 933, , ,170 654, , ,159 440, , ,75 893, ,(,282 049,),(,204 536,), ,75 099, 
,,,,,5,,,108 161, , ,79 167, , ,65 140, , ,111 484, , ,91 668, , ,64 245, , ,139 791, , ,124 308, , ,73 507, , ,176 216, , ,170 258, , ,72 279, , ,251 057, ,(,182 059,), ,103 844, 
,,,,,6,,,105 379, , ,76 989, , ,64 492, , ,113 009, , ,86 844, , ,62 143, , ,144 354, , ,116 708, , ,73 187, , ,180 040, , ,175 430, , ,73 966, ,(,297 755,),(,167 328,),(,78 474,)
,,,,,7,,,107 276, , ,81 935, , ,68 493, , ,112 207, , ,91 613, , ,65 386, , ,148 644, , ,132 535, , ,74 050, , ,175 711, , ,170 225, , ,80 398, ,(,255 160,),(,163 129,),(,88 902,)
,,,,,8,,,111 814, , ,83 444, , ,72 262, , ,113 685, , ,97 769, , ,68 879, , ,141 634, , ,130 654, , ,78 488, , ,174 984, , ,160 872, , ,78 072, ,(,239 140,),(,221 003,), ,96 112, 
,,,,,9,,,115 716, , ,85 739, , ,74 303, , ,121 559, , ,99 672, , ,70 572, , ,146 293, , ,133 996, , ,79 064, , ,177 827, , ,141 405, , ,82 393, ,(,285 088,),(,187 224,), ,92 507, 
,,,,,10,,,118 979, , ,88 110, , ,75 941, , ,123 103, , ,104 374, , ,73 025, , ,154 398, , ,141 311, , ,81 989, , ,194 865, , ,173 608, , ,78 085, , ,254 693, ,(,190 350,), ,96 242, 
,,,,,11,,,123 635, , ,89 868, , ,76 292, , ,121 413, , ,103 466, , ,70 242, , ,156 101, , ,144 279, , ,84 442, , ,190 642, , ,156 313, , ,73 163, ,(,269 236,),(,323 001,),(,79 906,)
,,,,,12,,,117 962, , ,87 584, , ,77 686, , ,124 757, , ,101 276, , ,71 205, , ,149 490, , ,133 071, , ,84 645, , ,180 839, ,(,165 250,), ,78 522, ,(,217 475,),(,224 366,),(,85 676,)
,2013,,,,1,,,123 192, , ,92 438, , ,82 847, , ,126 158, , ,108 264, , ,75 067, , ,153 218, , ,149 171, , ,83 541, , ,178 780, , ,152 915, , ,78 000, ,(,248 630,),(,203 404,),(,97 895,)
,,,,,2,,,127 260, , ,94 229, , ,81 866, , ,131 670, , ,108 317, , ,77 087, , ,162 933, , ,147 958, , ,84 870, , ,190 843, , ,156 977, , ,73 659, ,(,264 174,),(,192 667,),(,75 015,)
,,,,,3,,,126 360, , ,92 668, , ,84 035, , ,128 570, , ,107 876, , ,74 210, , ,162 303, , ,131 275, , ,84 495, ,(,182 857,), ,159 528, , ,81 280, , ,-, ,(,153 740,),(,108 811,)
,,,,,4,,,121 604, , ,92 540, , ,80 478, , ,123 937, , ,93 734, , ,71 563, , ,152 579, , ,139 021, , ,86 166, ,(,166 042,),(,138 756,), ,87 397, ,(,250 478,),(,197 178,),(,77 367,)
,,,,,5,,,123 554, , ,96 811, , ,83 010, , ,125 464, , ,105 313, , ,76 307, , ,164 125, , ,128 721, , ,84 331, , ,197 464, ,(,161 646,), ,89 953, ,(,220 589,),(,203 923,),(,67 534,)
,,,,,6,,,122 682, , ,96 937, , ,84 319, , ,127 009, , ,104 344, , ,77 651, , ,159 279, , ,135 479, , ,88 269, , ,184 068, , ,144 914, , ,75 806, ,(,264 974,),(,220 015,), ,52 845, 
,,,,,7,,,124 162, , ,94 964, , ,84 355, , ,127 168, , ,103 024, , ,75 735, , ,155 242, , ,135 567, , ,88 513, , ,188 813, ,(,150 625,), ,76 588, ,(,329 423,),(,205 678,),(,99 783,)
,,,,,8,,,123 976, , ,97 537, , ,84 803, , ,128 298, , ,105 477, , ,76 021, , ,154 769, , ,156 498, , ,88 977, , ,183 824, ,(,158 177,), ,80 780, ,(,351 027,),(,217 289,),(,63 421,)
,,,,,9,,,124 556, , ,95 258, , ,83 246, , ,131 131, , ,102 377, , ,75 615, , ,160 475, , ,142 700, , ,83 902, , ,185 046, ,(,165 814,), ,81 823, ,(,223 636,),(,155 824,),(,80 318,)
,,,,,10,,,118 825, , ,94 452, , ,83 396, , ,119 528, , ,95 528, , ,74 674, , ,168 505, , ,128 946, , ,84 575, ,(,190 969,),(,160 634,), ,84 138, ,(,288 780,), ,-, , ,80 828, 
,,,,,11,,,122 325, , ,94 939, , ,81 155, , ,124 613, , ,95 464, , ,73 682, , ,161 798, , ,128 024, , ,84 787, , ,177 757, ,(,167 399,), ,72 482, ,(,212 216,), ,-, , ,75 447, 
,,,,,12,,,120 196, , ,94 042, , ,83 257, , ,122 791, , ,102 278, , ,74 543, , ,163 547, , ,131 783, , ,86 788, , ,185 503, ,(,168 311,), ,90 609, ,(,230 610,),(,192 939,),(,73 987,)
,2014,,,,1,,,122 912, , ,94 583, , ,83 760, , ,120 714, , ,102 645, , ,73 153, , ,155 848, , ,130 555, , ,85 949, ,(,180 140,),(,144 675,), ,77 247, ,(,298 896,),(,557 678,),(,63 226,)
,,,,,2,,,122 031, , ,95 923, , ,83 534, , ,118 475, , ,99 396, , ,74 808, , ,153 642, , ,148 517, , ,80 807, ,(,173 434,),(,164 769,), ,71 862, ,(,282 660,), ,-, ,(,77 574,)
,,,,,3,,,122 272, , ,95 963, , ,84 827, , ,127 423, , ,101 480, , ,76 769, , ,139 930, , ,119 849, , ,83 048, , ,190 217, , ,172 046, , ,84 543, ,(,252 731,),(,311 954,), ,69 595, 
,,,,,4,,,124 046, , ,97 350, , ,86 617, , ,126 576, , ,101 635, , ,76 578, , ,150 941, , ,141 165, , ,88 014, ,(,182 232,),(,147 744,), ,89 249, ,(,217 482,),(,208 282,), ,69 527, 
,,,,,5,,,123 284, , ,101 455, , ,88 812, , ,124 808, , ,105 688, , ,78 782, , ,146 313, , ,127 602, , ,86 261, , ,165 846, , ,177 781, , ,86 620, ,(,241 024,),(,201 432,),(,61 089,)
,,,,,6,,,125 779, , ,103 124, , ,89 724, , ,125 268, , ,107 610, , ,81 696, , ,152 815, , ,144 548, , ,88 731, , ,182 779, , ,156 309, , ,89 528, ,(,231 794,),(,294 627,), ,77 017, 
,,,,,7,,,126 390, , ,103 960, , ,91 973, , ,129 421, , ,107 638, , ,82 961, , ,140 621, , ,130 799, , ,89 249, , ,182 998, , ,136 221, , ,85 523, ,(,187 774,),(,226 070,), ,80 538, 
,,,,,8,,,130 909, , ,106 452, , ,92 231, , ,130 015, , ,112 940, , ,82 717, , ,159 152, , ,133 557, , ,90 742, , ,183 244, , ,158 359, , ,83 810, ,(,266 985,),(,189 181,), ,75 217, 
,,,,,9,,,133 552, , ,105 985, , ,94 501, , ,134 093, , ,111 655, , ,82 821, , ,155 153, , ,149 010, , ,91 694, , ,181 330, , ,161 125, , ,92 739, ,(,251 337,),(,202 327,), ,66 251, 
,,,,,10,,,133 211, , ,113 331, , ,95 800, , ,132 068, , ,112 477, , ,84 318, , ,158 242, , ,147 216, , ,93 354, , ,198 327, , ,176 208, , ,83 946, ,(,250 511,),(,197 228,), ,87 626, 
,,,,,11,,,134 900, , ,112 186, , ,97 153, , ,137 402, , ,113 685, , ,85 454, , ,167 636, , ,143 987, , ,94 218, , ,195 271, , ,141 968, , ,82 498, ,(,286 672,),(,205 896,), ,73 839, 
,,,,,12,,,138 166, , ,112 619, , ,101 034, , ,138 205, , ,119 118, , ,88 665, , ,159 238, , ,145 756, , ,95 058, , ,184 926, ,(,190 669,), ,88 881, ,(,253 795,),(,192 621,), ,76 417, 
,2015,,,,1,,,142 185, , ,116 929, , ,104 719, , ,140 527, , ,121 402, , ,91 268, , ,172 497, , ,140 574, , ,97 361, , ,187 518, , ,173 207, , ,94 158, ,(,212 108,), ,-, , ,90 613, 
,,,,,2,,,147 092, , ,119 297, , ,106 392, , ,145 126, , ,121 840, , ,92 028, , ,169 071, , ,151 768, , ,94 277, , ,215 879, , ,154 503, , ,96 912, ,(,206 375,),(,310 947,), ,72 891, 
,,,,,3,,,148 875, , ,112 545, , ,104 778, , ,150 289, , ,119 964, , ,92 482, , ,166 777, , ,138 633, , ,102 627, , ,189 581, ,(,186 081,), ,95 913, ,(,227 406,),(,285 667,),(,81 938,)
,,,,,4,,,146 094, , ,116 134, , ,105 166, , ,148 475, , ,119 159, , ,93 346, , ,170 560, , ,151 631, , ,100 716, , ,198 755, ,(,197 965,), ,101 506, ,(,230 305,),(,175 436,), ,97 235, 
,,,,,5,,,147 960, , ,118 409, , ,109 038, , ,151 728, , ,124 110, , ,95 574, , ,176 366, , ,153 818, , ,103 624, , ,195 155, , ,172 690, , ,88 912, ,(,245 471,),(,113 863,), ,103 147, 
,,,,,6,,,147 821, , ,122 337, , ,113 816, , ,153 461, , ,125 591, , ,97 813, , ,179 459, , ,158 861, , ,105 736, , ,209 342, , ,177 783, , ,95 726, ,(,215 963,),(,171 254,), ,131 290, 
,,,,,7,,,151 462, , ,123 736, , ,114 705, , ,152 175, , ,128 291, , ,99 534, , ,170 908, , ,154 191, , ,107 064, , ,193 054, , ,158 491, , ,96 277, ,(,261 183,),(,220 875,), ,72 531, 
,,,,,8,,,150 395, , ,124 574, , ,112 796, , ,153 073, , ,124 979, , ,99 686, , ,181 770, , ,146 704, , ,105 710, , ,198 771, ,(,144 226,), ,106 307, ,(,263 819,), ,-, , ,81 271, 
,,,,,9,,,149 928, , ,120 022, , ,108 030, , ,150 115, , ,117 509, , ,93 686, , ,174 574, , ,166 294, , ,101 746, ,(,191 916,),(,172 404,), ,100 499, ,(,301 318,),(,196 863,),(,88 326,)
,,,,,10,,,144 388, , ,114 392, , ,102 668, , ,146 295, , ,111 165, , ,91 530, , ,160 319, , ,157 851, , ,95 326, ,(,198 759,),(,159 643,), ,101 059, ,(,231 285,),(,248 255,),(,82 420,)
,,,,,11,,,141 753, , ,108 690, , ,100 809, , ,137 688, , ,112 494, , ,87 276, , ,167 668, , ,140 658, , ,97 175, , ,186 914, ,(,152 237,), ,96 376, ,(,226 361,),(,193 424,),(,77 268,)
,,,,,12,,,135 326, , ,108 080, , ,101 079, , ,136 718, , ,108 247, , ,87 842, , ,153 661, , ,127 824, , ,98 222, , ,207 501, ,(,144 848,), ,93 642, ,(,239 001,),(,232 564,),(,80 059,)
,2016,,,,1,,,136 457, , ,104 023, , ,96 646, , ,143 632, , ,109 071, , ,83 353, , ,139 160, , ,154 162, , ,90 632, ,(,192 387,),(,153 555,),(,82 098,),(,211 327,),(,192 067,),(,71 136,)
,,,,,2,,,125 025, , ,107 502, , ,96 064, , ,131 983, , ,110 148, , ,83 513, ,(,173 390,), ,145 688, , ,93 876, ,(,194 307,),(,141 692,),(,92 857,),(,188 414,), ,-, ,(,65 411,)
,,,,,3,,,127 715, , ,103 717, , ,95 951, , ,133 682, , ,112 064, , ,85 780, , ,162 224, , ,144 512, , ,93 636, , ,173 541, , ,182 679, , ,85 524, ,(,245 048,),(,208 336,),(,93 043,)
,,,,,4,,,129 431, , ,106 356, , ,97 765, , ,132 320, , ,111 303, , ,88 045, , ,153 594, , ,145 701, , ,95 092, , ,203 676, ,(,142 289,), ,88 521, ,(,245 171,),(,243 520,),(,71 193,)
,,,,,5,,,133 507, , ,108 231, , ,97 458, , ,134 256, , ,111 662, , ,88 584, , ,153 059, , ,149 022, , ,96 873, , ,186 966, , ,155 816, , ,91 296, ,(,218 079,),(,196 098,),(,81 815,)
,,,,,6,,,130 647, , ,109 073, , ,98 504, , ,134 963, , ,110 717, , ,88 775, , ,156 139, , ,150 673, , ,95 109, , ,197 576, ,(,172 882,), ,94 347, ,(,234 386,),(,188 398,),(,91 043,)
,,,,,7,,,135 071, , ,109 448, , ,98 910, , ,134 731, , ,117 487, , ,90 957, , ,163 322, , ,153 184, , ,94 996, , ,189 671, , ,165 374, , ,101 860, ,(,217 234,),(,234 271,),(,86 290,)
,,,,,8,,,138 947, , ,115 267, , ,104 381, , ,140 168, , ,114 848, , ,92 999, , ,164 639, , ,135 220, , ,98 053, , ,190 944, , ,167 200, , ,96 948, ,(,245 937,),(,291 560,),(,83 660,)
,,,,,9,,,141 802, , ,116 264, , ,106 982, , ,144 356, , ,120 996, , ,96 947, , ,171 045, , ,149 165, , ,100 183, , ,196 841, , ,155 545, , ,94 385, , ,229 523, ,(,307 372,),(,76 196,)
,,,,,10,,,145 297, , ,119 074, , ,107 950, , ,146 160, , ,122 991, , ,98 973, , ,170 455, , ,156 642, , ,101 524, , ,213 438, , ,171 961, , ,100 111, ,(,263 134,),(,190 476,), ,88 056, 
,,,,,11,,,143 519, , ,117 985, , ,110 819, , ,146 919, , ,114 467, , ,95 528, , ,171 687, , ,160 648, , ,105 424, , ,213 616, , ,202 067, , ,99 208, ,(,243 374,),(,202 962,),(,93 950,)
,,,,,12,,,141 810, , ,116 320, , ,112 090, , ,149 356, , ,123 792, , ,97 830, , ,159 855, , ,144 527, , ,99 748, , ,212 356, ,(,196 301,), ,94 604, ,(,280 770,),(,216 219,),(,70 474,)
,2017,,,,1,,,149 334, , ,121 979, , ,112 391, , ,149 245, , ,118 786, , ,98 651, , ,185 736, , ,149 225, , ,107 401, ,(,191 646,),(,169 958,), ,92 255, ,(,275 942,),(,277 549,),(,87 576,)
,,,,,2,,,145 930, , ,121 875, , ,116 036, , ,150 962, , ,129 104, , ,100 876, , ,178 320, , ,167 539, , ,108 045, , ,211 418, ,(,162 119,), ,106 294, ,(,199 533,),(,438 692,),(,113 930,)
,,,,,3,,,152 631, , ,125 553, , ,118 811, , ,153 420, , ,130 990, , ,104 857, , ,177 600, , ,161 246, , ,108 623, , ,202 151, , ,170 264, , ,101 992, ,(,254 537,),(,326 249,), ,80 038, 
,,,,,4,,,160 625, , ,132 594, , ,123 041, , ,161 774, , ,134 709, , ,108 561, , ,184 974, , ,171 789, , ,107 567, , ,221 164, , ,155 837, , ,96 603, ,(,250 950,), ,-, , ,97 496, 
,,,,,5,,,159 429, , ,127 803, , ,120 992, , ,162 488, , ,125 081, , ,104 756, , ,181 567, , ,152 209, , ,109 354, , ,213 682, , ,183 973, , ,113 707, ,(,240 325,),(,206 056,), ,104 988, 
,,,,,6,,,154 076, , ,128 596, , ,119 100, , ,170 678, , ,125 461, , ,106 722, , ,190 235, , ,162 729, , ,111 370, , ,220 279, ,(,179 611,), ,112 057, ,(,216 464,),(,240 085,), ,92 669, 
,,,,,7,,,161 377, , ,128 572, , ,119 819, , ,158 037, , ,130 311, , ,101 408, , ,184 957, , ,151 987, , ,112 878, , ,203 454, ,(,196 826,), ,101 000, ,(,222 803,),(,299 563,), ,73 561, 
,,,,,8,,,164 308, , ,129 735, , ,121 048, , ,162 533, , ,127 793, , ,103 881, , ,182 970, , ,182 005, , ,111 051, , ,219 574, ,(,213 662,), ,94 217, ,(,255 878,),(,285 745,),(,107 839,)
,,,,,9,,,158 448, , ,131 876, , ,122 362, , ,160 460, , ,133 062, , ,108 131, , ,180 860, , ,169 957, , ,113 868, , ,189 855, , ,173 071, , ,100 692, ,(,264 747,),(,245 016,), ,93 452, 
,,,,,10,,,158 716, , ,134 022, , ,124 552, , ,160 567, , ,132 749, , ,108 076, , ,184 141, , ,158 590, , ,116 829, , ,242 599, , ,176 252, , ,101 953, ,(,276 889,),(,400 288,), ,98 788, 
,,,,,11,,,164 230, , ,136 552, , ,125 342, , ,166 462, , ,137 656, , ,113 119, , ,190 567, , ,172 766, , ,123 395, , ,221 537, , ,192 403, , ,109 617, ,(,286 886,),(,243 749,), ,78 091, 
,,,,,12,,,164 551, , ,138 535, , ,129 226, , ,170 118, , ,136 298, , ,112 829, , ,200 471, , ,157 133, , ,121 393, , ,240 344, , ,194 677, , ,108 534, ,(,279 933,),(,242 672,),(,89 477,)
,2018,,,,1,,,171 329, , ,140 763, , ,132 075, , ,170 467, , ,141 290, , ,115 354, , ,203 758, , ,170 613, , ,121 870, , ,231 143, , ,176 014, , ,120 848, ,(,285 351,),(,317 792,), ,91 250, 
,,,,,2,,,172 459, , ,147 791, , ,131 983, , ,175 351, , ,146 427, , ,117 872, , ,206 056, , ,205 891, , ,126 876, , ,229 862, ,(,217 407,), ,125 806, ,(,287 628,),(,230 788,),(,107 487,)
,,,,,3,,,174 970, , ,149 386, , ,135 073, , ,169 328, , ,147 390, , ,116 440, , ,188 657, , ,165 662, , ,127 666, , ,222 381, , ,226 643, , ,107 341, ,(,278 303,),(,287 468,), ,73 282, 
,,,,,4,,,183 541, , ,149 355, , ,139 675, , ,176 744, , ,148 831, , ,119 473, , ,208 410, , ,180 819, , ,124 817, , ,235 148, , ,190 609, , ,115 753, ,(,276 919,),(,237 793,), ,101 404, 
,,,,,5,,,181 374, , ,152 141, , ,141 153, , ,177 459, , ,151 918, , ,123 144, , ,218 381, , ,167 171, , ,129 269, , ,227 107, , ,187 300, , ,113 624, , ,286 441, ,(,248 338,), ,99 602, 
,,,,,6,,,184 662, , ,160 077, , ,147 492, , ,179 950, , ,156 826, , ,128 706, , ,218 786, , ,189 263, , ,135 044, , ,230 433, ,(,213 306,), ,121 026, , ,282 608, ,(,334 351,),(,81 838,)
,,,,,7,,,190 109, , ,156 704, , ,143 969, , ,186 035, , ,143 081, , ,126 824, , ,216 671, , ,169 237, , ,126 511, , ,231 824, ,(,218 193,), ,111 461, ,(,327 510,), ,-, ,(,105 437,)
,,,,,8,,,186 766, , ,157 093, , ,144 151, , ,179 921, , ,151 818, , ,124 646, , ,208 694, , ,173 651, , ,134 150, ,(,250 619,),(,156 000,), ,113 785, ,(,337 828,),(,236 813,), ,117 800, 
,,,,,9,,,182 792, , ,148 211, , ,142 034, , ,183 081, , ,145 786, , ,118 306, , ,225 441, , ,173 797, , ,132 616, ,(,239 107,),(,185 978,), ,113 235, ,(,274 992,),(,173 088,),(,100 806,)
,,,,,10,,,184 393, , ,141 335, , ,138 176, , ,175 261, , ,133 078, , ,114 279, , ,220 943, , ,145 934, , ,134 054, ,(,257 319,),(,185 669,), ,116 561, ,(,466 568,), ,-, , ,157 296, 
,,,,,11,,,175 257, , ,137 141, , ,132 535, , ,175 277, , ,141 218, , ,113 090, , ,223 330, , ,188 677, , ,115 504, ,(,242 891,),(,195 585,), ,118 483, ,(,226 340,),(,342 648,),(,102 348,)
,,,,,12,,,175 079, , ,142 474, , ,129 823, , ,171 390, , ,141 012, , ,111 932, , ,203 331, , ,181 117, , ,132 458, ,(,217 471,),(,166 815,),(,119 084,), ,-, , ,-, ,(,96 847,)
,2019,,,,1,,,163 044, , ,145 988, , ,136 453, , ,171 249, , ,137 135, , ,115 036, , ,204 993, , ,178 145, , ,121 424, ,(,223 165,),(,186 934,), ,126 275, ,(,344 962,),(,141 414,),(,85 570,)
,,,,,2,,,172 031, , ,146 927, , ,137 073, , ,176 403, , ,149 822, , ,124 009, , ,194 115, , ,195 644, , ,127 451, , ,219 460, ,(,223 731,), ,118 588, ,(,283 221,), ,-, ,(,91 263,)
,,,,,3,,,181 222, , ,153 797, , ,140 244, , ,182 260, , ,154 771, , ,124 538, , ,206 658, , ,194 186, , ,134 892, , ,245 696, , ,210 044, , ,126 010, , ,283 780, ,(,256 932,), ,95 465, 
,,,,,4,,,186 085, , ,160 287, , ,145 658, , ,186 843, , ,156 441, , ,127 335, , ,225 161, , ,185 855, , ,139 424, , ,262 907, , ,183 519, , ,118 893, ,(,278 109,),(,208 900,), ,95 739, 
,,,,,5,,,190 792, , ,162 146, , ,147 974, , ,188 190, , ,159 310, , ,128 496, , ,222 399, , ,196 066, , ,134 294, , ,249 481, ,(,220 501,), ,130 284, ,(,298 078,),(,135 422,), ,104 903, 
,,,,,6,,,182 373, , ,163 429, , ,149 747, , ,186 971, , ,152 942, , ,124 108, , ,224 557, , ,163 757, , ,138 157, , ,242 229, ,(,189 425,), ,134 434, ,(,258 589,),(,194 229,), ,102 837, 
,,,,,7,,,189 954, , ,160 413, , ,146 416, , ,199 707, , ,159 446, , ,128 381, , ,219 802, , ,183 860, , ,143 037, ,(,268 355,),(,217 326,), ,124 536, ,(,299 408,),(,309 625,),(,92 810,)
,,,,,8,,,197 019, , ,160 946, , ,143 109, , ,180 414, , ,145 629, , ,122 635, , ,218 581, , ,191 974, , ,131 532, ,(,254 454,),(,197 754,), ,112 102, ,(,278 644,), ,-, ,(,88 800,)
,,,,,9,,,176 663, , ,157 674, , ,148 197, , ,174 598, , ,148 587, , ,122 968, , ,212 944, , ,204 144, , ,131 352, ,(,252 393,),(,195 162,),(,122 272,),(,242 146,),(,293 133,),(,71 952,)
,,,,,10,,,179 779, , ,158 850, , ,146 383, , ,180 111, , ,154 360, , ,125 072, , ,201 577, , ,209 691, , ,129 854, ,(,242 240,),(,198 012,), ,114 641, ,(,136 154,),(,310 705,),(,95 385,)
,,,,,11,,,189 002, , ,156 176, , ,151 104, , ,182 215, , ,157 301, , ,132 716, , ,213 381, , ,178 721, , ,127 526, ,(,243 440,),(,253 839,), ,120 192, ,(,252 212,),(,226 734,),(,94 670,)
,,,,,12,,,183 099, , ,157 336, , ,141 148, , ,185 591, , ,156 321, , ,123 794, , ,217 222, , ,173 052, , ,124 582, , ,226 967, ,(,195 559,), ,103 503, ,(,233 576,),(,266 674,),(,95 961,)
,2020,,,,1,,,186 656, , ,161 816, , ,146 351, , ,182 636, , ,154 893, , ,129 376, , ,215 087, , ,191 345, , ,126 413, ,(,228 178,),(,204 142,), ,114 711, ,(,308 103,), ,-, ,(,99 182,)
,,,,,2,,,188 777, , ,157 445, , ,145 891, , ,183 132, , ,159 024, , ,127 825, , ,211 860, , ,181 726, , ,132 884, ,(,246 309,),(,172 184,),(,136 778,),(,201 529,),(,395 663,),(,117 349,)
,,,,,3,,,186 176, , ,160 734, , ,148 592, , ,181 228, , ,156 536, , ,130 572, , ,210 191, , ,199 418, , ,123 308, , ,234 466, ,(,195 049,), ,115 963, ,(,250 116,),(,424 044,),(,97 323,)
,,,,,4,,,186 019, , ,161 870, , ,151 729, , ,179 921, , ,157 812, , ,129 074, , ,197 467, , ,203 862, , ,126 238, ,(,220 911,),(,160 615,), ,122 349, ,(,367 799,),(,191 206,),(,95 565,)
,,,,,5,,,189 977, , ,167 178, , ,153 680, , ,185 216, , ,162 672, , ,134 271, , ,203 498, , ,185 049, , ,130 435, , ,233 350, , ,194 587, , ,123 858, ,(,273 574,),(,260 591,), ,95 912, 
,,,,,6,,,186 627, , ,162 498, , ,150 996, , ,185 937, , ,160 666, , ,131 332, , ,218 654, , ,204 510, , ,129 453, , ,251 951, , ,197 924, , ,121 607, ,(,259 800,),(,249 932,),(,118 152,)
,,,,,7,,,190 525, , ,166 842, , ,151 689, , ,183 666, , ,166 535, , ,132 428, , ,225 440, , ,190 223, , ,128 353, , ,240 818, ,(,200 049,), ,113 451, ,(,239 251,),(,262 111,),(,111 109,)
,,,,,8,,,186 969, , ,157 940, , ,146 537, , ,182 370, , ,160 989, , ,132 274, , ,207 449, , ,184 821, , ,128 927, , ,238 421, ,(,217 906,), ,123 068, ,(,269 438,),(,351 722,),(,106 539,)
,,,,,9,,,185 914, , ,167 691, , ,151 170, , ,178 489, , ,162 937, , ,133 852, , ,210 354, , ,185 294, , ,131 513, , ,224 046, ,(,192 770,), ,123 381, ,(,272 610,),(,212 795,), ,119 555, 
,,,,,10,,,186 028, , ,160 966, , ,147 211, , ,183 471, , ,161 530, , ,132 406, , ,216 517, , ,181 797, , ,132 990, , ,217 454, ,(,192 513,), ,102 747, ,(,285 639,),(,279 394,), ,92 961, 
,,,,,11,,,187 056, , ,164 892, , ,150 776, , ,181 836, , ,155 957, , ,134 218, , ,216 007, , ,172 377, , ,129 560, , ,241 755, , ,191 323, , ,125 658, ,(,265 365,),(,181 810,),(,92 259,)
,,,,,12,,,182 175, , ,162 943, , ,146 960, , ,180 803, , ,161 331, , ,132 295, , ,199 347, , ,179 630, , ,132 696, , ,240 048, ,(,224 146,), ,121 482, ,(,272 529,),(,276 247,), ,90 088, 
,2021,,,,1,,,186 334, , ,161 519, , ,150 098, , ,182 804, , ,157 182, , ,133 466, , ,203 860, , ,185 691, , ,136 923, ,(,209 916,),(,197 157,), ,121 776, ,(,301 089,), ,-, , ,114 447, 
,,,,,2,,,189 786, , ,165 609, , ,152 040, , ,181 785, , ,164 365, , ,135 222, , ,209 623, , ,198 589, , ,134 299, , ,247 821, ,(,223 667,), ,123 662, ,(,299 952,),(,218 671,), ,122 603, 
,,,,,3,,,187 117, , ,165 853, , ,153 226, , ,181 911, , ,164 627, , ,137 198, , ,212 374, , ,192 025, , ,137 873, , ,241 478, , ,206 691, , ,123 108, ,(,234 706,),(,167 141,), ,113 472, 
,,,,,4,,,186 745, , ,164 583, , ,155 560, , ,183 579, , ,160 950, , ,136 828, , ,211 389, , ,181 398, , ,132 257, , ,253 834, , ,194 656, , ,124 249, ,(,274 255,),(,203 921,), ,119 158, 
,,,,,5,,,193 890, , ,164 964, , ,152 140, , ,186 691, , ,164 700, , ,136 021, , ,221 965, , ,184 829, , ,138 630, , ,261 326, , ,217 745, , ,130 321, ,(,278 760,),(,212 290,), ,121 565, 
,,,,,6,,,191 786, , ,167 908, , ,155 220, , ,188 970, , ,163 997, , ,139 237, , ,210 166, , ,186 379, , ,143 039, , ,235 146, , ,193 379, , ,128 762, ,(,262 670,),(,247 690,),(,105 382,)
,,,,,7,*,,195 010, , ,172 135, , ,152 539, , ,188 093, , ,165 749, , ,141 100, , ,218 195, , ,198 745, , ,139 147, , ,241 092, , ,214 119, , ,128 052, ,(,279 452,), ,-, ,(,106 757,)
,,,,,8,*,,196 568, , ,169 890, , ,152 985, , ,187 295, , ,161 069, , ,138 120, , ,212 493, , ,191 935, , ,135 999, , ,254 432, , ,255 928, , ,127 922, ,(,349 036,),(,419 368,), ,110 507,
,,,,,9,*,,189 717, , ,170 756, , ,150 711, , ,183 940, , ,159 493, , ,133 544, , ,223 725, , ,178 511, , ,141 558, , ,260 941, ,(,188 081,), ,122 635, ,(,302 508,),(,221 061,), ,118 623,
,,,,,,,,,,,,,,,,,,,,,,,,,,,,,,,,,,,,,,,,,,,,,,,,,,,
,註釋 ：,,在不同時期的平均售價變化，可能是因為在兩個時段所分析的不同物業的質素,,,,,,,,,,,,,,,,,,,,,,,Note :,Changes in average prices between different periods may be due to variations in the characteristics of ,,,,,,,,,,,,,,,,,,,,,,,,
,,,有所差異，而不應一概而論視之為該時段中在價值方面的整體變化。如要衡量,,,,,,,,,,,,,,,,,,,,,,,,"different properties being analysed, and should not be taken as necessarily indicating a general change in ",,,,,,,,,,,,,,,,,,,,,,,,
,,,在有關時期內售價的轉變，請參考售價指數。,,,,,,,,,,,,,,,,,,,,,,,,"value over the period.  To measure price changes over the relevant periods, please refer to the price indices.",,,,,,,,,,,,,,,,,,,,,,,,
, *,,臨時數字,,,,,,,,,,,,,,,,,,,,,,, *        ,Provisional figures,,,,,,,,,,,,,,,,,,,,,,,,
,(  ),,表示少於 20 宗交易。,,,,,,,,,,,,,,,,,,,,,,,(  )      ,Indicates fewer than 20 transactions.,,,,,,,,,,,,,,,,,,,,,,,,
,  -,,本署沒有收到成交個案。,,,,,,,,,,,,,,,,,,,,,,,  -            ,No transaction record received by this Department.,,,,,,,,,,,,,,,,,,,,,,,,
,住宅樓宇的首次買賣並不會用作分析。,,,,,,,,,,,,,,,,,,,,,,,,,Primary sales of domestic premises are excluded from the analysis.,,,,,,,,,,,,,,,,,,,,,,,,,